SCHNAME,Web
Buxton School,http://buxtonschool.org.uk/
Chingford Foundation School,https://www.chingfordfoundation.org/
Connaught School for Girls,http://www.connaught-school.co.uk/
Eden Girls' School Waltham Forest,https://www.edengirlswalthamforest.com/
Frederick Bremer School,https://www.bremer.org.uk/
George Mitchell School,https://www.georgemitchellschool.co.uk/
Heathcote School & Science College,https://www.heathcoteschool.com/
Highams Park School,http://www.highamsparkschool.co.uk/index.php
Holy Family Catholic School,http://www.holyfamily.waltham.sch.uk/
Kelmscott School,https://www.kelmscottschool.co.uk/
Lammas School and Sixth Form,http://www.lammas.waltham.sch.uk/
Leytonstone School,http://www.leytonstoneschool.org/
Norlington School and 6th Form,http://www.norlington.net/
Rushcroft Foundation School,https://www.southchingfordfoundation.org.uk/
Walthamstow Academy,https://www.walthamstow-academy.org/
Walthamstow School for Girls,http://www.wsfg.waltham.sch.uk/
Willowfield Humanities College,http://www.willowfield-school.co.uk/
